productID;price_per_one
10002;0.85
10080;0.85
10120;0.21
10123C;0.65
10124A;0.42
10124G;0.42
10125;0.42
10133;0.42
10135;0.42
11001;1.69
15034;0.14
15036;0.53
15039;0.85
15044A;2.95
15044B;2.95
15044C;2.95
15044D;2.95
15056BL;4.95
15056N;4.25
15056P;4.6
15056bl;12.46
15056n;12.46
15056p;12.46
15058A;7.95
15058B;7.95
15058C;7.95
15060B;2.95
16008;0.25
16010;0.12
16011;0.21
16012;0.21
16014;0.32
16015;0.5
16016;0.72
16033;0.0
16045;0.12
16046;0.85
16048;0.42
16052;0.42
16054;0.42
16156L;0.42
16156S;0.42
16161M;0.42
16161P;0.42
16161U;0.42
16162L;0.65
16168M;0.42
16169K;0.42
16169M;0.42
16169N;0.42
16169P;0.42
16202E;5.55
16206B;1.25
16207A;2.95
16207B;0.0
16216;0.16
16218;0.16
16219;0.21
16225;0.42
16235;0.16
16236;0.21
16237;0.16
16238;0.21
16258A;0.42
17001;0.29
17003;0.16
17007B;2.1
17011A;0.0
17011F;2.1
17012A;0.5
17012B;0.5
17012C;0.5
17012D;2.46
17012E;0.5
17012F;0.5
17013D;0.42
17014A;0.42
17021;0.24
17028J;0.42
17038;0.07
17084A;0.21
17084J;0.21
17084N;0.21
17084P;0.21
17084R;0.16
17090A;0.85
17090D;1.25
17091A;0.0
17091J;0.38
17096;0.17
17107D;2.55
17109D;1.69
17129F;1.63
17136A;0.21
17164B;0.42
17165D;0.0
17174;0.42
18007;0.06
18094C;1.25
18097A;2.55
18097C;1.95
18098C;0.0
18098c;5.06
20615;0.0
20616;0.75
20617;1.63
20618;1.63
20619;0.75
20622;0.75
20652;0.0
20653;0.83
20654;0.83
20655;0.83
20657;1.25
20658;1.25
20659;0.83
20661;2.95
20662;2.46
20663;2.46
20664;2.95
20665;2.95
20666;2.95
20668;0.1
20669;1.25
20670;2.95
20671;1.25
20674;1.06
20675;1.06
20676;1.06
20677;1.06
20679;4.6
20681;3.25
20682;0.0
20684;0.0
20685;0.0
20686;3.25
20694;3.75
20695;4.25
20696;3.29
20697;2.55
20698;2.55
20699;0.0
20700;3.75
20701;3.75
20702;4.25
20703;4.25
20704;1.95
20705;1.95
20707;0.83
20711;1.65
20712;1.65
20713;1.65
20716;1.25
20717;0.83
20718;1.06
20719;0.0
20723;0.72
20724;0.0
20725;1.45
20726;0.0
20727;1.45
20728;1.45
20731;1.25
20733;0.72
20734;0.0
20735;0.72
20738;0.0
20748;0.0
20749;6.35
20750;6.35
20751;1.69
20752;2.1
20754;2.1
20755;0.85
20756;0.85
20757;0.85
20758;0.85
20759;0.85
20760;0.85
20761;3.75
20762;3.75
20763;3.75
20764;3.75
20765;3.75
20766;3.75
20767;2.55
20768;2.55
20769;2.55
20770;2.1
20771;2.55
20772;2.55
20773;1.65
20774;1.65
20775;1.65
20777;1.65
20778;1.65
20780;4.65
20781;5.49
20782;5.49
20785;39.95
20793;6.75
20794;2.55
20795;2.1
20798;0.0
20801;0.75
20802;0.42
20803;0.42
20818;3.75
20819;2.46
20820;4.95
20826;2.12
20828;2.1
20829;2.1
20830;2.1
20831;2.1
20832;0.79
20835;11.02
20837;2.95
20839;2.95
20840;9.32
20845;6.35
20846;1.25
20847;3.75
20848;2.95
20849;0.0
20851;5.95
20854;0.0
20856;1.63
20857;1.65
20860;2.1
20861;2.1
20864;0.0
20866;0.83
20867;0.83
20868;0.83
20869;0.83
20871;4.21
20878;0.0
20886;1.95
20892;0.0
20893;2.1
20894;2.95
20897;2.95
20898;2.95
20902;5.55
20903;6.35
20906;2.95
20910;0.0
20914;2.55
20931;2.95
20932;3.75
20933;3.75
20934;4.95
20936;2.95
20941;0.0
20950;0.0
20954;8.47
20956;0.0
20957;1.45
20960;2.46
20961;1.25
20963;1.25
20966;0.0
20967;3.75
20969;3.29
20970;3.75
20971;1.06
20972;1.06
20973;0.55
20974;0.65
20975;0.65
20977;1.25
20978;1.25
20979;1.06
20980;1.25
20981;0.85
20982;0.85
20983;0.85
20984;0.85
20985;1.06
20986;1.25
20992;0.85
20996;0.42
20998;2.95
21000;3.29
21001;4.13
21002;3.29
21003;6.35
21009;0.0
21011;0.0
21012;2.1
21014;0.85
21015;1.25
21018;0.85
21025;0.83
21026;0.83
21027;0.0
21028;0.83
21030;0.83
21031;0.83
21032;0.83
21033;2.46
21034;0.95
21035;2.75
21038;2.95
21039;2.55
21040;0.0
21041;2.95
21042;5.95
21043;4.13
21051;1.63
21054;0.0
21055;7.46
21056;8.95
21058;0.72
21059;0.85
21060;0.85
21061;0.85
21062;0.85
21063;0.85
21064;5.95
21065;1.25
21066;1.25
21067;1.25
21068;1.06
21069;1.06
21070;1.06
21071;1.06
21078;0.64
21080;0.0
21082;1.63
21084;0.65
21086;0.53
21087;0.0
21088;0.65
21089;0.65
21090;0.83
21094;0.64
21095;0.85
21096;0.85
21098;1.06
21100;1.65
21106;2.95
21107;2.55
21108;2.1
21109;1.95
21110;1.95
21111;1.25
21112;1.25
21114;1.25
21115;5.95
21116;0.0
21117;6.75
21120;16.98
21121;1.06
21122;1.06
21123;1.25
21124;1.06
21125;1.25
21126;1.25
21128;6.95
21129;6.95
21131;3.75
21132;4.25
21134;0.0
21135;1.69
21136;1.69
21137;3.39
21143;1.95
21144;0.38
21145;1.25
21147;2.1
21154;1.06
21155;2.1
21156;1.65
21157;2.1
21158;1.45
21159;1.45
21160;3.36
21161;0.0
21162;1.45
21163;1.45
21164;2.55
21165;1.45
21166;1.53
21167;0.21
21169;1.45
21171;1.25
21172;0.0
21174;1.65
21175;1.85
21179;1.25
21181;1.53
21186;0.0
21187;1.45
21188;2.95
21189;1.65
21190;1.45
21191;1.69
21192;1.45
21194;1.63
21195;0.65
21196;1.65
21197;0.42
21198;0.42
21199;0.42
21200;0.65
21201;2.1
21202;0.65
21204;1.65
21205;2.46
21206;0.65
21207;1.45
21208;1.45
21209;0.65
21210;1.25
21211;1.45
21212;0.4
21213;0.4
21215;0.42
21216;4.25
21217;8.95
21218;3.25
21219;0.83
21220;0.83
21221;0.83
21222;0.83
21224;0.83
21226;1.25
21228;1.25
21231;1.06
21232;0.0
21238;0.72
21239;0.72
21240;0.72
21242;1.45
21243;1.45
21244;1.45
21245;1.45
21246;4.95
21248;0.0
21249;2.55
21250;2.95
21251;2.95
21253;2.95
21257;6.95
21258;0.0
21259;4.95
21260;3.25
21261;7.62
21262;2.95
21263;5.91
21264;5.91
21265;5.79
21268;0.42
21269;8.5
21270;8.29
21272;1.06
21275;0.0
21277;21.95
21278;2.55
21279;2.55
21280;2.55
21281;2.55
21282;0.0
21284;0.42
21285;0.65
21286;2.55
21287;0.38
21288;2.95
21289;1.25
21291;0.85
21292;0.64
21293;4.21
21294;1.25
21306;2.1
21307;2.1
21311;2.1
21313;0.64
21314;1.85
21316;2.95
21317;5.45
21318;1.65
21319;1.45
21320;2.55
21324;0.0
21326;0.55
21327;1.65
21328;1.65
21329;1.65
21331;12.75
21332;12.75
21333;2.95
21336;2.95
21340;9.95
21344;20.79
21348;0.0
21349;0.0
21351;5.95
21352;5.79
21354;1.05
21355;0.0
21356;1.25
21357;0.0
21358;1.25
21359;15.95
21360;9.95
21361;10.95
21363;4.95
21364;6.75
21365;2.95
21366;4.25
21367;2.55
21368;2.55
21369;3.75
21370;6.35
21371;2.55
21372;2.95
21374;3.75
21375;5.45
21376;5.45
21377;1.65
21378;1.65
21379;1.25
21380;2.95
21381;1.45
21382;2.95
21383;0.65
21385;0.85
21386;0.85
21389;0.85
21390;1.06
21391;2.1
21392;2.1
21393;2.1
21394;1.95
21397;1.25
21398;2.1
21399;2.1
21400;0.42
21401;0.42
21402;0.83
21403;0.36
21407;3.75
21408;4.25
21410;8.47
21411;3.75
21412;0.42
21413;1.25
21414;0.0
21415;2.1
21416;3.75
21417;2.1
21418;2.55
21420;3.25
21421;0.0
21422;0.72
21424;2.55
21425;2.55
21426;1.85
21427;2.1
21428;3.75
21429;0.0
21430;3.39
21431;0.0
21439;1.25
21441;0.85
21442;0.72
21445;1.25
21446;1.25
21447;1.25
21448;0.0
21452;2.55
21454;0.83
21455;0.83
21456;1.25
21457;1.25
21458;1.25
21459;1.95
21460;1.95
21461;1.95
21462;6.75
21463;2.5
21464;4.25
21465;3.75
21466;3.75
21467;3.75
21468;3.75
21469;3.75
21470;3.75
21471;2.95
21472;3.75
21473;19.95
21476;14.95
21479;0.0
21481;0.0
21484;2.95
21485;4.25
21486;0.0
21488;0.0
21491;0.0
21494;1.25
21495;0.42
21497;0.42
21498;0.34
21499;0.34
21500;0.34
21503;0.42
21504;0.42
21506;0.36
21507;0.36
21508;0.36
21509;0.36
21518;0.42
21519;0.36
21520;0.42
21523;6.75
21524;6.75
21527;6.95
21528;6.95
21530;2.95
21531;0.0
21533;4.25
21534;4.95
21535;0.0
21537;3.75
21538;3.75
21539;0.0
21544;0.85
21547;2.95
21555;2.46
21556;2.25
21557;2.46
21558;2.1
21559;0.0
21561;2.1
21562;1.25
21563;2.55
21564;2.55
21576;2.25
21577;2.25
21578;2.25
21579;2.25
21580;2.25
21581;2.25
21584;1.65
21586;2.1
21587;0.0
21588;2.1
21589;0.0
21591;1.25
21592;1.25
21594;4.13
21595;0.0
21609;2.55
21613;2.95
21615;1.25
21616;1.25
21617;1.25
21618;1.25
21619;1.25
21620;1.25
21621;0.0
21622;4.95
21623;6.38
21624;5.95
21625;5.79
21626;1.95
21627;14.95
21628;14.95
21629;7.95
21630;8.95
21631;3.95
21632;0.0
21633;3.95
21634;2.51
21635;3.75
21636;2.55
21638;2.1
21640;0.85
21641;0.85
21642;0.85
21643;1.25
21644;0.0
21645;0.0
21647;2.1
21648;0.0
21650;0.19
21651;0.0
21653;0.0
21654;1.45
21655;0.0
21656;1.45
21657;6.95
21658;3.39
21661;0.0
21662;5.45
21664;3.39
21666;0.65
21667;0.0
21668;1.06
21669;1.06
21670;0.0
21671;0.85
21672;0.85
21673;0.0
21675;0.79
21676;0.79
21677;0.79
21678;0.79
21679;0.85
21680;0.85
21681;9.95
21682;4.95
21683;2.95
21684;0.64
21686;39.95
21688;2.95
21689;3.75
21690;0.0
21692;0.0
21693;2.95
21694;2.95
21695;2.95
21696;0.0
21698;0.85
21700;0.85
21703;0.36
21704;0.72
21705;1.65
21706;3.29
21707;3.29
21708;3.29
21709;3.29
21710;3.29
21711;3.36
21713;2.1
21714;1.25
21715;2.1
21716;2.1
21717;0.0
21718;1.25
21719;0.85
21720;0.85
21721;0.85
21722;0.85
21723;0.85
21724;0.85
21725;0.85
21726;0.85
21730;4.25
21731;1.25
21733;2.55
21735;10.95
21736;2.1
21738;2.95
21739;2.95
21741;2.95
21742;5.95
21743;0.0
21744;2.95
21745;3.39
21746;1.06
21747;1.25
21749;1.85
21750;4.21
21754;5.45
21755;5.45
21756;5.45
21757;4.95
21758;6.45
21761;29.95
21763;0.0
21769;52.77
21773;0.42
21774;0.42
21775;0.42
21777;0.0
21781;12.75
21784;0.0
21785;0.0
21786;0.32
21787;0.65
21788;0.65
21789;0.85
21790;0.72
21791;0.0
21792;6.75
21793;6.75
21794;6.75
21801;0.0
21802;0.42
21803;0.42
21804;3.75
21805;0.0
21807;0.0
21808;3.75
21809;1.25
21810;1.25
21811;1.25
21812;4.95
21813;4.95
21814;0.0
21815;1.45
21816;1.45
21817;0.85
21818;0.85
21819;0.85
21820;3.75
21821;3.75
21822;1.95
21823;1.45
21824;1.45
21826;1.25
21827;1.25
21828;1.25
21829;0.21
21830;0.42
21832;1.65
21833;1.49
21836;0.0
21841;0.0
21843;9.95
21844;2.55
21845;2.55
21846;1.63
21847;1.63
21849;1.63
21850;1.63
21851;1.63
21864;1.69
21865;2.1
21866;1.25
21867;1.25
21868;1.06
21870;1.06
21871;1.06
21872;1.25
21873;0.42
21874;1.06
21875;1.06
21876;0.42
21877;1.06
21878;0.72
21879;0.19
21880;0.19
21881;0.19
21882;0.19
21883;0.19
21884;0.19
21888;0.0
21889;1.06
21890;2.95
21891;0.0
21892;1.25
21894;1.25
21895;0.0
21896;1.85
21897;0.0
21898;2.46
21899;0.0
21900;0.65
21901;0.65
21902;0.65
21903;1.85
21904;2.1
21905;1.63
21906;6.75
21907;1.85
21908;1.85
21910;1.65
21911;1.65
21912;0.0
21913;3.29
21914;1.06
21915;1.06
21916;0.42
21917;0.36
21918;0.36
21922;6.95
21925;1.25
21926;1.25
21927;1.25
21928;1.65
21929;1.65
21930;1.65
21931;1.65
21932;2.55
21933;2.55
21934;1.63
21935;1.45
21936;2.55
21937;2.55
21942;0.85
21943;0.85
21944;0.85
21945;0.85
21946;0.85
21947;1.06
21948;1.25
21949;1.06
21955;6.75
21967;0.29
21972;1.45
21973;1.45
21974;1.45
21975;0.4
21976;0.42
21977;0.4
21980;0.25
21981;0.22
21982;0.22
21983;0.29
21984;0.25
21985;0.22
21986;0.22
21987;0.53
21988;0.64
21989;0.64
21990;2.46
21991;2.46
21992;2.46
21993;2.46
22021;1.65
22023;0.42
22024;0.0
22025;0.36
22026;0.36
22027;0.36
22028;0.0
22029;0.36
22030;0.36
22031;0.42
22032;0.42
22033;0.42
22034;0.0
22035;0.36
22037;0.42
22038;0.42
22040;0.42
22041;2.1
22042;0.42
22043;0.42
22044;0.42
22045;0.42
22046;0.42
22047;0.42
22048;0.42
22049;0.42
22050;0.42
22051;0.42
22052;0.42
22053;0.82
22055;1.45
22057;1.49
22059;1.25
22060;8.5
22061;8.5
22062;2.95
22063;2.95
22064;0.0
22065;1.25
22066;1.45
22067;1.45
22068;1.65
22069;1.65
22070;3.29
22071;3.29
22072;0.0
22073;3.39
22074;0.42
22075;1.45
22076;1.65
22077;1.45
22078;1.85
22079;1.45
22080;1.45
22081;1.65
22082;1.65
22083;2.55
22084;2.55
22085;2.95
22086;2.55
22087;2.55
22088;2.55
22089;2.55
22090;0.0
22091;1.06
22092;1.25
22093;1.25
22094;1.25
22095;1.06
22096;1.25
22097;1.25
22098;1.25
22099;1.06
22100;1.25
22101;2.1
22102;1.65
22103;1.45
22104;1.63
22105;4.21
22106;4.96
22107;3.75
22108;1.25
22109;0.0
22110;2.55
22111;4.25
22112;0.0
22113;3.39
22114;0.0
22115;2.95
22116;0.85
22117;0.85
22118;4.95
22119;6.95
22120;8.5
22121;5.45
22123;4.96
22124;2.46
22125;12.46
22127;1.25
22128;1.06
22129;0.72
22130;0.72
22131;1.65
22132;0.85
22133;0.85
22134;0.42
22135;0.42
22136;1.65
22137;2.95
22138;4.25
22139;0.0
22141;1.85
22142;1.45
22143;0.0
22144;1.85
22145;0.0
22146;0.0
22147;1.25
22148;1.65
22149;1.85
22150;1.65
22151;0.36
22152;0.42
22153;0.42
22154;0.36
22155;0.0
22156;0.72
22157;0.85
22158;0.0
22161;0.65
22162;0.0
22163;2.95
22164;2.95
22165;10.79
22166;7.46
22167;8.29
22168;0.0
22169;7.65
22170;5.95
22171;7.65
22173;2.55
22174;1.25
22175;2.95
22176;2.95
22178;1.06
22179;5.95
22180;8.5
22181;0.85
22182;4.13
22183;3.0
22184;0.0
22185;1.45
22186;2.55
22187;4.25
22188;2.31
22189;2.31
22190;0.85
22191;7.65
22192;7.65
22193;7.65
22194;8.29
22195;1.65
22196;0.85
22197;0.72
22198;0.0
22199;3.75
22200;4.25
22201;3.29
22202;0.0
22203;3.75
22204;3.29
22206;0.85
22207;3.75
22208;1.45
22209;1.63
22210;1.63
22211;1.45
22212;1.69
22214;1.63
22215;7.65
22216;0.79
22217;1.25
22218;0.0
22219;0.72
22220;8.5
22221;8.5
22222;1.95
22223;1.95
22224;2.55
22227;0.65
22228;0.85
22229;0.85
22230;0.85
22231;1.45
22232;1.65
22233;1.65
22236;10.95
22241;1.25
22242;0.0
22243;1.45
22244;1.65
22245;0.72
22246;1.95
22247;0.72
22248;0.72
22249;0.72
22250;0.72
22251;1.06
22252;1.06
22254;1.06
22255;0.85
22256;1.25
22257;0.42
22258;0.42
22259;0.42
22260;0.85
22261;0.85
22262;0.85
22263;0.19
22264;0.19
22265;0.65
22266;0.65
22267;1.06
22268;0.72
22269;1.25
22270;3.39
22271;2.55
22272;2.95
22273;2.55
22274;2.55
22275;7.65
22276;2.55
22277;2.1
22278;4.95
22279;0.83
22280;0.83
22281;5.95
22282;12.75
22283;7.95
22284;1.65
22285;1.65
22286;1.65
22287;1.65
22288;1.25
22289;1.25
22291;1.45
22292;1.25
22293;1.45
22294;1.06
22295;1.45
22296;1.65
22297;1.25
22299;1.25
22300;0.0
22301;2.1
22302;2.1
22303;2.1
22304;2.55
22305;2.1
22306;1.65
22307;1.65
22308;2.55
22309;2.55
22310;1.45
22311;2.95
22312;2.95
22313;2.95
22314;2.95
22315;1.25
22316;1.25
22317;2.46
22318;2.55
22319;0.65
22320;5.95
22321;0.85
22322;0.79
22323;0.0
22324;1.95
22325;3.29
22326;2.55
22327;0.0
22328;2.55
22329;1.45
22331;1.45
22332;1.45
22333;1.45
22334;1.45
22335;0.55
22336;0.65
22337;0.65
22338;0.65
22339;0.65
22340;3.36
22341;1.45
22342;0.85
22343;0.21
22344;0.21
22345;0.21
22346;0.21
22348;0.72
22349;2.69
22350;0.0
22351;0.0
22352;2.1
22353;0.0
22354;3.39
22355;0.72
22356;0.0
22357;0.0
22358;2.55
22359;0.0
22360;0.0
22361;0.0
22362;0.0
22363;0.0
22364;0.0
22365;0.0
22366;0.0
22367;0.0
22371;0.0
22372;0.0
22374;0.0
22375;0.0
22376;0.0
22377;0.85
22378;0.85
22379;1.85
22380;1.85
22381;1.85
22382;1.45
22383;0.0
22384;1.45
22385;1.65
22386;1.65
22389;0.85
22390;0.85
22391;0.85
22393;0.85
22394;0.85
22395;0.85
22396;0.42
22398;1.25
22399;1.06
22400;1.25
22402;1.25
22403;0.42
22405;1.25
22406;1.25
22407;1.25
22408;1.25
22409;1.25
22410;1.25
22411;1.65
22412;1.85
22413;2.95
22414;6.75
22415;7.95
22416;1.25
22417;0.42
22418;0.85
22419;0.36
22420;0.42
22421;0.42
22422;0.65
22423;0.0
22424;10.85
22425;4.25
22426;0.0
22427;0.0
22428;0.0
22429;3.75
22430;4.25
22431;0.0
22432;0.0
22433;1.95
22434;1.95
22435;1.06
22436;0.65
22437;0.72
22438;1.63
22439;0.65
22440;0.42
22441;2.1
22442;7.95
22443;7.95
22444;0.0
22445;2.46
22446;2.46
22447;2.46
22448;3.35
22449;2.95
22450;2.95
22451;0.0
22452;1.63
22453;1.63
22454;0.0
22456;4.25
22457;2.55
22458;2.55
22459;2.55
22460;1.25
22461;10.95
22464;1.45
22465;1.45
22466;1.45
22467;2.1
22468;6.75
22469;1.45
22470;0.0
22471;1.95
22472;0.0
22473;0.0
22474;0.0
22475;0.0
22476;0.0
22477;1.25
22478;1.25
22479;1.25
22480;1.06
22481;0.42
22482;1.06
22483;2.55
22485;12.75
22486;3.95
22487;8.5
22488;1.45
22489;0.36
22491;0.72
22492;0.55
22493;1.45
22494;1.25
22495;2.95
22496;2.95
22497;4.25
22498;5.95
22499;4.95
22500;4.95
22501;0.0
22502;0.0
22503;12.75
22504;12.75
22505;4.25
22507;3.86
22508;3.39
22509;14.95
22510;1.25
22511;1.25
22512;0.0
22513;3.75
22514;0.0
22515;1.85
22516;0.0
22517;1.85
22518;0.0
22519;1.85
22520;0.0
22521;0.85
22522;0.72
22523;0.85
22524;0.0
22525;0.0
22526;0.0
22528;3.36
22529;0.36
22530;0.36
22531;0.42
22532;0.42
22533;0.36
22534;0.36
22535;0.42
22536;0.36
22537;0.42
22538;0.42
22539;0.42
22540;0.42
22541;0.42
22543;0.32
22544;0.36
22545;0.36
22546;0.42
22547;0.42
22548;1.25
22549;1.25
22550;0.0
22551;1.45
22553;0.0
22554;1.45
22555;1.45
22556;1.45
22557;1.45
22558;1.25
22559;0.0
22560;1.06
22561;1.45
22562;1.25
22563;1.06
22564;1.06
22565;0.85
22566;0.85
22567;1.06
22568;3.39
22569;3.39
22570;3.39
22571;0.72
22572;0.72
22573;0.85
22574;0.72
22575;1.95
22576;0.85
22577;0.85
22578;0.85
22579;0.85
22580;0.0
22581;0.85
22582;2.55
22583;2.55
22584;2.55
22585;0.0
22586;0.85
22587;0.85
22588;0.0
22589;2.55
22591;0.0
22592;3.75
22593;0.72
22594;0.85
22595;0.72
22596;0.72
22597;0.85
22598;0.85
22599;0.85
22600;0.72
22601;0.85
22602;0.85
22603;0.85
22604;2.1
22605;12.46
22606;12.75
22607;8.5
22608;0.21
22609;0.21
22610;0.21
22611;4.95
22613;0.64
22614;0.29
22615;0.29
22616;0.22
22617;0.0
22618;8.49
22619;0.0
22620;0.0
22621;1.25
22622;8.5
22623;4.25
22624;0.0
22625;0.0
22626;0.0
22627;0.0
22628;4.13
22629;1.65
22630;1.65
22631;1.65
22632;0.0
22633;0.0
22634;8.5
22635;8.5
22636;7.65
22637;2.1
22638;0.85
22639;2.1
22640;0.85
22641;0.85
22642;2.1
22643;0.85
22644;1.25
22645;1.25
22646;1.25
22647;0.0
22649;0.0
22650;0.0
22651;0.72
22652;0.0
22653;1.65
22654;4.95
22655;125.0
22656;125.0
22659;1.65
22660;7.95
22661;0.72
22662;1.45
22663;1.65
22664;1.85
22665;0.0
22666;0.0
22667;2.55
22668;2.55
22669;2.55
22670;1.06
22671;1.45
22672;1.65
22673;1.06
22674;1.06
22675;1.06
22676;0.0
22677;0.0
22678;0.0
22679;0.0
22680;0.0
22681;0.0
22682;0.0
22683;0.0
22684;0.0
22685;0.0
22686;0.0
22688;6.75
22689;0.0
22690;0.0
22691;6.75
22692;6.75
22693;0.94
22694;2.1
22695;1.45
22696;1.65
22697;0.0
22698;0.0
22699;0.0
22700;0.85
22701;0.85
22702;0.65
22703;2.1
22704;0.42
22705;0.42
22706;0.42
22707;0.42
22708;0.42
22709;0.42
22710;0.34
22711;0.42
22712;0.0
22713;0.36
22714;0.36
22715;0.36
22716;0.36
22717;0.42
22718;0.36
22719;1.06
22720;4.25
22721;4.25
22722;3.45
22723;3.45
22725;3.39
22726;3.75
22727;3.39
22728;3.39
22729;3.75
22730;3.39
22731;1.25
22732;1.25
22733;1.25
22734;0.0
22735;1.65
22736;1.65
22737;1.65
22738;1.65
22739;1.65
22740;0.85
22741;0.85
22742;2.95
22743;2.55
22744;2.55
22745;1.85
22746;1.85
22747;1.85
22748;1.85
22749;3.39
22750;3.39
22751;3.39
22752;7.65
22753;0.85
22754;0.72
22755;0.72
22756;1.25
22757;1.06
22758;1.25
22759;1.45
22760;10.95
22761;21.95
22762;12.75
22763;8.5
22764;49.96
22765;0.0
22766;2.55
22767;8.5
22768;8.5
22769;0.0
22770;14.95
22771;0.85
22772;0.85
22773;0.85
22774;0.85
22775;1.06
22776;8.5
22777;7.65
22778;3.39
22779;3.37
22780;3.37
22781;6.75
22782;9.95
22783;7.95
22784;4.25
22785;5.95
22786;4.95
22788;8.5
22789;1.65
22791;1.06
22792;0.72
22794;6.75
22795;5.95
22796;8.5
22797;14.95
22798;2.95
22799;8.5
22800;3.75
22801;3.39
22802;16.63
22803;33.29
22804;2.46
22805;1.06
22806;2.95
22807;2.95
22808;2.95
22809;2.55
22810;2.55
22811;2.95
22812;1.95
22813;1.65
22814;0.36
22815;0.36
22816;0.36
22817;0.36
22818;0.42
22819;0.36
22820;0.65
22821;0.65
22822;4.95
22823;110.0
22824;35.95
22825;7.95
22826;175.0
22827;145.0
22828;145.0
22829;8.5
22830;0.0
22831;2.95
22832;9.95
22833;0.0
22834;0.85
22835;4.25
22837;0.0
22838;12.75
22839;12.75
22840;6.95
22841;0.0
22842;0.0
22843;0.0
22844;7.65
22845;5.55
22846;14.95
22847;0.0
22848;14.95
22849;14.95
22851;0.85
22852;4.25
22853;3.25
22854;4.25
22855;1.06
22856;1.06
22857;0.72
22858;1.45
22859;1.45
22860;1.65
22861;1.65
22862;4.25
22863;2.55
22865;0.0
22866;0.0
22867;0.0
22868;1.95
22869;1.95
22870;1.95
22871;1.95
22872;1.95
22873;1.95
22874;1.95
22875;1.95
22876;1.95
22877;1.95
22878;2.1
22879;0.42
22880;0.42
22881;0.42
22882;0.42
22883;0.42
22884;0.42
22885;0.42
22886;0.42
22887;0.42
22888;0.42
22889;0.75
22890;8.5
22891;3.75
22892;1.06
22893;0.36
22894;8.29
22895;2.55
22896;2.1
22897;1.25
22898;1.65
22899;1.85
22900;2.55
22902;1.69
22903;2.95
22904;2.55
22905;2.95
22906;1.45
22907;0.64
22908;0.64
22909;0.64
22910;2.55
22911;2.95
22912;4.95
22913;4.95
22914;4.95
22915;0.36
22916;0.65
22917;0.65
22918;0.65
22919;0.65
22920;0.65
22921;0.65
22922;0.72
22923;0.85
22924;0.85
22925;5.95
22926;4.95
22927;5.95
22928;5.95
22929;57.95
22930;2.1
22931;2.1
22932;2.1
22933;2.55
22934;2.55
22935;2.75
22936;2.75
22937;2.1
22938;1.65
22939;4.95
22940;4.25
22941;7.65
22942;7.65
22943;4.25
22944;1.25
22945;0.85
22946;16.95
22947;16.95
22948;0.85
22949;1.45
22951;0.42
22952;0.42
22953;1.25
22954;1.25
22955;1.85
22956;1.85
22957;2.55
22959;0.0
22960;3.75
22961;1.25
22962;0.72
22963;0.72
22964;1.85
22965;1.85
22966;1.06
22967;2.55
22968;8.5
22969;1.25
22970;2.1
22971;2.1
22972;1.45
22973;1.45
22974;1.45
22975;1.25
22976;1.25
22977;1.25
22978;3.75
22980;1.45
22983;0.36
22984;0.36
22985;0.34
22986;0.42
22988;1.06
22989;2.75
22990;4.25
22991;1.65
22992;1.65
22993;1.06
22994;0.42
22995;0.36
22996;0.36
22997;0.42
22998;0.36
22999;0.36
23000;0.42
23002;0.42
23003;0.36
23004;0.42
23005;0.42
23006;0.42
23166;1.04
23230;0.34
23231;0.34
23232;0.34
23233;0.42
35001G;2.0
35001W;0.0
35004B;1.95
35004C;0.0
35004G;1.95
35004P;0.0
35095A;0.42
35095B;0.42
35241;4.25
35265;6.95
35271S;0.0
35400;0.0
35443;0.85
35471D;1.25
35591T;1.25
35597A;1.25
35597B;1.25
35598B;0.65
35598D;0.65
35599B;5.91
35599D;5.91
35607A;0.0
35609A;2.51
35610A;1.25
35610B;1.25
35610C;1.25
35637A;5.95
35637C;5.95
35638A;5.95
35644;0.0
35645;0.0
35646;1.25
35647;1.25
35648;0.85
35651;1.65
35653;2.95
35809A;2.1
35809a;4.13
35810A;2.1
35810B;2.1
35815P;2.1
35817P;2.55
35818P;3.29
35819B;2.46
35832;2.95
35833G;0.0
35833P;1.25
35909A;2.95
35909B;2.95
35910A;1.95
35911A;2.1
35911B;2.1
35912B;1.25
35913B;0.85
35914;2.1
35915B;0.83
35915C;0.83
35916A;1.63
35916B;1.63
35916C;1.63
35920;1.25
35921;1.25
35922;0.0
35923;1.25
35924;1.69
35933;0.38
35951;0.0
35953;1.25
35954;0.0
35957;0.0
35958;0.0
35961;0.72
35964;1.63
35965;0.0
35967;0.38
35968;0.38
35969;0.0
35970;4.13
35971;1.25
35972;1.25
35991;0.0
37327;0.42
37333;0.0
37340;0.85
37342;0.85
37343;1.65
37351;1.25
37370;1.06
37379A;1.25
37413;0.0
37444A;2.95
37444B;2.95
37444C;2.95
37446;1.25
37447;1.25
37448;1.25
37449;8.5
37450;2.55
37461;0.0
37462E;0.42
37464;0.0
37467;0.0
37468;7.46
37474;0.0
37475;8.49
37476;0.0
37479B;2.55
37479P;2.55
37482P;2.55
37489A;1.95
37489B;1.95
37489C;1.95
37489D;1.95
37491A;3.29
37491D;3.29
37495;3.75
37500;8.49
37501;6.95
37503;10.75
37509;0.0
40001;0.64
40003;1.25
40005B;0.85
40016;0.25
40046A;1.25
44089A;0.42
44089C;0.42
44091A;0.42
44092B;0.85
44092C;0.85
44228;0.85
44234;0.18
44235;0.36
44236;4.65
44265;4.25
45013;2.95
46000M;0.0
46000P;4.25
46000R;1.45
46000S;0.0
46000U;1.25
46115B;0.19
46118;3.29
46138B;1.95
46775D;10.79
46776A;4.13
46776B;4.13
46776C;4.13
46776D;4.13
46776E;4.21
46776F;4.13
47021G;1.25
47310M;1.25
47341A;3.75
47343A;1.49
47348A;1.95
47351B;2.95
47367B;3.29
47369A;2.95
47369B;2.95
47420;0.19
47421;0.36
47422;0.36
47469;0.65
47471;0.65
47480;1.45
47481;0.85
47503A;0.42
47503H;1.95
47503J;7.95
47504H;0.85
47504K;0.85
47518F;0.42
47518f;4.13
47556B;0.0
47559B;1.06
47559b;3.29
47563A;3.29
47566;3.75
47566B;3.75
47566b;8.29
47567B;4.65
47570B;8.49
47570b;20.79
47574A;2.46
47578A;0.85
47579;0.0
47580;2.1
47585A;3.75
47586A;2.55
47589;5.45
47590A;4.65
47590B;4.65
47590b;10.79
47591B;0.0
47591D;0.0
47591d;4.96
47593A;1.25
47593B;0.83
47594A;1.63
47594B;1.63
47599A;1.69
47599B;1.69
48111;0.0
48116;6.75
48129;6.75
48138;6.75
48173C;6.75
48173c;16.63
48184;0.0
48185;0.0
48187;6.75
48188;6.75
48189;16.63
48194;0.0
51008;2.95
51014A;0.85
51014C;0.85
51014L;0.85
51020A;1.25
51020B;1.25
62018;1.25
62074B;0.42
62086A;1.95
62094B;0.0
62095B;0.0
62096A;0.0
70006;0.42
70007;0.42
71038;4.65
71050;0.35
71053;3.39
71101E;0.85
71143;2.46
71215;0.42
71270;1.25
71279;2.95
71403;2.95
71406C;0.42
71459;0.72
71477;0.0
71495A;0.84
71495B;0.42
71496A;0.65
71496B;0.65
71510;0.85
72038P;0.0
72051S;0.42
72122;0.95
72127;1.25
72128;0.85
72130;0.53
72131;1.95
72132;1.95
72133;1.25
72134;0.42
72140E;0.85
72225C;0.29
72232;0.19
72349B;1.69
72349b;4.13
72351A;1.69
72351B;1.69
72351a;4.13
72369A;2.46
72586;0.83
72598;0.85
72709;0.85
72741;1.25
72760B;8.49
72780;0.85
72798C;1.65
72799C;2.95
72799E;2.95
72799F;2.95
72800B;2.55
72800C;2.55
72800D;2.55
72800E;2.1
72801C;1.25
72801D;1.25
72801G;1.25
72801c;2.46
72801d;2.46
72802A;3.81
72802B;3.81
72802C;3.81
72803A;4.25
72803B;0.0
72803b;8.47
72807A;3.81
72807B;3.81
72807C;3.81
72807a;8.29
72807b;8.29
72812;4.13
72814;0.0
72815;3.75
72816;1.06
72817;1.25
72818;0.72
72819;2.1
72821;1.65
75011;0.85
75013B;0.0
75049L;0.85
75131;1.25
75172;3.75
75178;0.42
77101A;1.06
78034B;1.95
78124;2.75
79000;0.65
79030D;1.65
79030G;1.65
79051A;0.65
79062D;0.0
79063C;0.0
79063D;0.0
79066K;0.85
79066k;1.63
79067;0.0
79071B;2.95
79144B;0.42
79144C;0.83
79149B;0.42
79151B;0.42
79160;1.69
79163;1.65
79164;1.65
79190A;0.42
79190B;0.42
79190D;0.42
79191B;0.85
79191C;0.85
79191D;0.85
79192A;1.25
79302M;2.55
79320;4.95
79321;0.0
79323B;6.75
79323P;6.75
79323W;6.75
79329;1.65
79331;1.65
79337;0.38
79403;0.85
79406;0.22
81950V;0.85
82001S;3.39
82001s;7.46
82011A;3.75
82011B;3.75
82011C;3.75
82095;0.0
82482;2.1
82483;4.95
82484;4.77
82486;6.95
82494L;2.55
82494l;8.29
82551;1.25
82552;1.25
82567;1.63
82578;0.55
82580;0.42
82581;0.42
82582;1.69
82583;0.0
82599;0.0
82600;1.69
82605;0.0
82613A;1.25
82613B;0.42
82613C;0.42
82613D;0.42
82613b;2.51
82613c;2.51
82615;2.55
82616B;2.51
82616C;2.46
84006;0.85
84012;0.85
84029E;0.0
84029G;3.39
84030E;3.75
84030e;5.79
84031A;4.13
84031B;4.13
84032A;2.55
84032B;1.25
84033;1.65
84050;0.0
84051;0.85
84077;0.18
84078A;34.95
84086C;2.46
84192;1.25
84199;0.21
84212;0.42
84218;0.81
84226;0.85
84227;0.0
84228;0.37
84231;0.65
84247C;0.0
84247E;2.95
84247G;0.42
84247K;2.95
84247L;0.42
84247N;2.95
84249A;0.42
84251B;0.19
84251C;0.19
84251G;0.19
84270;0.0
84279B;0.0
84279P;3.39
84306;0.0
84313B;4.25
84313C;4.25
84341B;0.85
84347;0.03
84352;14.95
84356;1.95
84358;9.95
84360;4.65
84375;1.85
84378;1.06
84380;1.06
84388;1.65
84406B;0.0
84415B;3.75
84422;1.63
84424A;0.0
84429A;2.95
84452;0.0
84455;0.0
84457;0.85
84459A;1.25
84459B;1.25
84461;2.55
84462;1.25
84465;0.0
84466;1.25
84497;0.0
84499;0.0
84507B;2.55
84507C;2.55
84508A;2.1
84508B;2.55
84508C;2.55
84509A;2.95
84509B;3.29
84509C;2.95
84509E;1.25
84509F;0.0
84509G;1.25
84509a;7.46
84509b;7.46
84509c;7.46
84510A;1.25
84510C;1.25
84510E;1.25
84510a;2.46
84510c;2.46
84519A;1.25
84519B;1.25
84520B;0.64
84522;1.95
84526;0.0
84527;1.95
84531A;1.95
84531B;1.95
84534B;0.0
84534b;1.66
84535B;0.0
84536A;0.42
84536B;0.42
84536a;0.79
84536b;0.81
84539;1.65
84546;0.0
84558A;2.95
84558a;5.91
84559A;0.85
84559B;0.85
84559a;1.66
84559b;1.66
84562A;0.0
84563A;4.13
84563B;4.13
84568;0.21
84569A;0.83
84569B;0.0
84569D;0.83
84575A;5.95
84580;3.75
84581;3.75
84584;2.55
84592;2.95
84595E;3.75
84596B;0.83
84596E;0.83
84596F;0.83
84596G;0.83
84596J;0.83
84596L;0.83
84596b;2.51
84596e;2.51
84596f;2.46
84596g;2.46
84597B;1.25
84597C;1.25
84598;0.21
84600;7.95
84609;8.5
84611B;0.0
84612B;0.0
84613A;0.0
84613C;0.0
84614A;0.0
84616;29.95
84617;12.75
84620;5.95
84625A;0.85
84625C;0.85
84631;0.0
84632;59.95
84637;4.96
84638;0.0
84658;6.95
84659A;2.46
84660A;1.25
84660B;1.25
84660C;1.25
84660b;7.62
84660c;7.46
84661A;2.46
84661B;2.46
84661C;2.46
84663A;5.79
84664;0.0
84665;5.95
84666;3.95
84670;0.0
84673A;0.65
84673B;0.65
84674;1.25
84675;0.0
84678;1.25
84683;0.65
84685;3.75
84687;11.63
84688;0.0
84689;0.0
84691;0.72
84692;0.0
84706D;8.95
84707A;5.79
84707B;5.79
84708B;4.95
84709B;5.95
84711A;5.79
84711B;5.79
84712B;7.46
84715;2.95
84723;7.95
84725;4.25
84741C;1.95
84744;1.25
84745A;0.42
84745B;0.42
84748;0.0
84750B;1.95
84751B;3.75
84754;1.06
84755;0.55
84760S;1.45
84763;1.06
84766;1.95
84773;0.0
84789;2.95
84792;3.81
84795B;6.95
84795C;0.0
84795b;16.63
84796A;8.29
84796B;8.29
84796a;8.47
84798A;2.55
84798B;2.55
84799;0.42
84800L;1.69
84800M;1.27
84800S;1.25
84801A;2.1
84801B;0.0
84802A;0.0
84803A;1.69
84804A;2.95
84805A;3.75
84806A;1.45
84806B;1.45
84809A;2.1
84809B;2.1
84813;3.95
84816;39.95
84817;0.42
84818;0.85
84819;0.85
84820;1.25
84821;0.21
84823;0.0
84826;0.21
84827;0.19
84828;1.25
84832;0.0
84836;1.25
84840;0.0
84843;5.95
84846A;2.1
84847;3.75
84849A;1.69
84849B;1.69
84849D;1.69
84854;4.95
84856L;11.87
84857C;8.5
84858C;5.95
84859A;5.95
84859C;5.95
84865;8.5
84870B;2.46
84870C;2.46
84872A;0.0
84872a;10.79
84874B;1.65
84875B;3.75
84876B;1.25
84876D;3.75
84877B;1.25
84877D;1.25
84879;1.45
84880;0.0
84881;0.0
84882;3.75
84884A;3.39
84884a;8.29
84898F;0.0
84905;4.95
84906;5.95
84907;7.65
84910A;5.95
84912A;3.75
84912B;3.29
84913A;3.29
84913B;3.29
84915;1.25
84916;1.25
84917;0.0
84919;6.95
84920;3.75
84921;3.75
84922;4.25
84923;4.13
84924A;3.75
84925D;2.55
84925F;2.55
84926A;1.25
84926D;0.42
84926E;0.42
84926F;0.42
84927A;2.1
84927D;2.1
84927E;2.1
84927F;2.1
84929;0.55
84931A;1.63
84931B;1.63
84944;4.25
84945;0.72
84946;1.06
84947;1.06
84949;1.45
84950;0.55
84951A;0.85
84951B;0.85
84952A;1.63
84952B;1.25
84952C;0.0
84963A;42.95
84964B;0.0
84966A;0.0
84966B;0.0
84967A;0.0
84967B;0.0
84968A;8.29
84968B;0.0
84968C;8.29
84968D;8.29
84968E;0.0
84968F;0.0
84968a;25.49
84968d;24.96
84968e;25.49
84968f;25.49
84969;3.29
84970L;0.79
84970S;0.64
84970l;2.08
84970s;2.08
84971S;0.85
84974;9.95
84975;0.0
84976;1.69
84977;0.0
84978;1.06
84985A;1.45
84987;1.25
84988;1.25
84989A;0.55
84989a;2.08
84991;0.4
84992;0.4
84993A;0.42
84993B;0.42
84993a;0.83
84997A;3.39
84997B;3.39
84997C;0.0
84997D;3.39
84997a;8.29
84997b;8.29
84997c;8.29
84997d;8.29
85006;2.95
85008;0.0
85014A;4.95
85014B;4.95
85014a;12.72
85014b;12.46
85015;0.65
85016;0.65
85017A;0.85
85017B;0.83
85017C;0.85
85018C;0.0
85018D;2.55
85019A;1.25
85019B;4.25
85019C;1.25
85020;2.1
85023B;2.55
85023C;2.55
85024B;1.65
85024C;1.65
85025B;1.65
85025C;1.65
85026B;0.85
85027L;7.95
85028L;0.0
85028S;0.0
85031A;4.95
85031B;4.95
85031C;0.0
85032A;2.1
85032B;2.1
85032C;2.1
85032D;1.63
85034A;4.25
85034B;1.25
85034C;1.25
85035A;4.25
85035B;1.25
85035C;1.25
85035a;8.47
85035b;8.47
85035c;8.47
85036A;3.81
85036B;1.25
85036C;1.85
85036b;8.47
85038;1.69
85039A;1.45
85039B;1.63
85039C;0.42
85039a;3.29
85040A;1.65
85040B;1.65
85040a;3.29
85042;4.95
85044;0.0
85045;4.95
85047;5.55
85048;6.95
85049A;1.25
85049B;0.0
85049C;1.06
85049D;1.25
85049E;1.25
85049F;0.0
85049G;1.06
85049H;0.83
85049a;3.36
85049e;3.29
85049g;1.63
85053;2.1
85054;1.25
85055;2.95
85059;1.25
85061W;0.85
85062;1.45
85063;14.95
85064;0.0
85065;12.75
85066;10.95
85067;0.0
85068;7.95
85071A;0.83
85071B;0.38
85071C;0.83
85071D;0.83
85078;0.65
85084;0.0
85086A;0.85
85087;2.95
85088;1.63
85089;2.95
85092;1.25
85093;1.25
85094;0.83
85095;1.25
85096;0.0
85099B;0.0
85099C;1.65
85099F;0.0
85099f;4.96
85103;5.79
85104;2.95
85106;1.63
85107;2.55
85109;0.85
85110;0.0
85111;0.29
85114A;1.45
85114B;1.65
85114C;1.65
85114a;3.29
85114b;3.29
85114c;3.29
85116;0.65
85118;0.0
85119;0.0
85123A;0.0
85123a;6.63
85124B;2.55
85124C;0.0
85125;3.29
85126;0.0
85127;3.29
85129B;1.25
85129C;1.25
85129D;1.25
85130A;1.65
85130B;1.65
85130C;1.65
85130D;1.65
85131A;0.42
85131B;0.83
85131C;0.83
85131D;0.83
85132A;8.29
85132B;8.29
85132C;8.29
85132a;21.23
85135A;7.95
85135B;0.0
85135C;7.95
85136A;7.95
85136B;7.95
85136C;7.95
85141;8.95
85144;7.25
85146;4.95
85150;0.0
85152;1.53
85159A;1.25
85159B;1.25
85160A;1.25
85160B;1.25
85160a;16.13
85161;0.0
85163A;8.29
85163B;8.29
85167B;0.0
85168B;8.29
85169A;0.42
85169B;0.42
85169C;0.42
85169D;0.42
85170A;0.0
85170B;0.85
85170C;0.85
85170D;0.85
85172;0.42
85173;0.85
85174;1.95
85175;0.36
85176;0.85
85177;0.64
85178;0.85
85179A;2.46
85179B;0.0
85179C;2.46
85180A;1.25
85180B;1.25
85183A;1.25
85183B;1.25
85184C;1.25
85185B;2.95
85185D;2.95
85186A;0.42
85186C;0.42
85187;1.65
85188A;0.85
85188B;0.0
85189;0.85
85194L;0.72
85194S;0.65
85195;2.1
85197;2.1
85198;0.85
85199L;0.65
85199S;0.42
85200;1.25
85202;0.42
85203;0.42
85204;0.42
85205B;2.55
85206A;1.45
85206B;1.65
85208;1.69
85211;1.65
85212;0.21
85213;0.85
85214;1.65
85215;0.0
85216;0.65
85226A;0.0
85227;0.85
85230A;0.21
85230B;0.21
85230E;0.21
85230F;0.0
85230G;0.21
85231B;0.85
85231G;0.85
85231b;1.63
85231g;1.63
85232A;4.25
85232B;0.0
85232D;4.25
90000A;5.95
90000B;5.95
90000C;0.0
90000D;5.95
90001A;4.15
90001C;4.24
90001D;4.24
90002D;0.0
90003B;3.75
90003C;3.73
90003D;3.75
90003E;3.73
90005A;1.95
90010A;8.95
90010B;8.95
90010E;8.95
90011A;2.9
90011B;2.9
90011D;2.96
90011E;2.96
90012A;9.98
90012B;9.95
90013A;3.73
90013B;4.15
90013C;4.15
90013D;4.24
90014A;9.95
90014B;9.95
90016A;8.32
90016B;8.32
90018A;4.15
90018B;4.24
90019A;4.95
90019B;5.4
90019C;5.51
90022;3.75
90023;4.24
90024B;8.32
90024C;8.49
90024E;8.49
90024F;8.49
90026B;8.5
90026C;8.5
90026D;8.5
90027A;2.95
90027B;2.96
90027C;2.9
90027D;2.95
90028;8.32
90029;8.5
90030B;5.82
90030C;5.82
90031;5.94
90032;6.23
90033;2.48
90034;10.19
90035A;10.62
90036D;7.9
90036E;7.9
90036F;8.07
90037A;2.48
90037B;2.48
90037C;2.54
90038A;3.81
90038B;3.81
90039A;3.73
90039B;3.73
90039C;3.73
90039D;3.73
90040A;3.5
90040B;3.5
90040C;3.81
90041;3.81
90042A;2.55
90042B;0.0
90042C;0.0
90050;6.95
90051;6.95
90053;2.55
90054;2.54
90055;2.54
90056;11.05
90057;1.25
90058B;0.38
90059A;1.65
90059B;1.65
90059C;1.65
90059D;1.65
90059E;1.65
90059F;1.65
90060B;5.95
90060D;5.95
90060F;5.94
90062;12.48
90063A;8.5
90063B;8.5
90064A;3.75
90064B;3.75
90065A;6.75
90067A;2.95
90070;5.95
90071;1.23
90072;3.75
90073;4.95
90074;9.77
90076;2.96
90077;2.96
90078;7.5
90079;5.09
90081A;4.95
90081C;4.95
90082A;6.35
90082B;6.35
90082D;6.35
90085;1.63
90086;0.85
90087;1.63
90089;1.63
90091;0.0
90092;1.66
90093;1.66
90094;2.55
90095;0.0
90096;0.0
90098;2.55
90099;2.55
90100;2.55
90101;2.48
90103;2.48
90104;0.82
90108;1.05
90112;0.0
90114;2.46
90115;2.46
90116;2.46
90118;2.46
90119;2.46
90120A;4.24
90120B;4.15
90120C;4.15
90120D;4.15
90122A;4.95
90122B;4.95
90122C;4.95
90123A;5.95
90123B;5.82
90123C;5.94
90123D;5.95
90124A;9.98
90124B;9.96
90125A;0.85
90125B;0.85
90125C;0.85
90125D;0.85
90125E;1.63
90126A;3.36
90128A;2.51
90128B;1.25
90128C;2.51
90128D;2.46
90129A;1.63
90129B;1.66
90129C;1.66
90129D;1.66
90129E;1.66
90129F;1.66
90130B;2.9
90130C;2.96
90130D;2.9
90132;5.09
90133;4.95
90134;2.9
90135;4.98
90136;9.95
90137;5.51
90138;5.4
90140;7.64
90141A;5.4
90141B;5.09
90141C;5.51
90141D;5.51
90142A;5.09
90142D;5.09
90143;7.5
90144;3.73
90145;5.95
90146;7.5
90147;9.95
90148;12.75
90151;8.5
90152A;5.51
90152B;5.51
90152C;5.95
90154;8.95
90155;7.5
90156;4.95
90157;4.98
90158;4.98
90160A;6.95
90160B;6.95
90160C;6.95
90160D;6.95
90161A;4.95
90161B;4.95
90161C;4.95
90161D;4.95
90162B;2.95
90162C;2.95
90162D;2.95
90163A;7.64
90163B;7.48
90164A;7.64
90164B;7.48
90165A;2.54
90165B;2.48
90166;4.15
90167;0.0
90168;2.96
90169;2.54
90170;1.65
90173;3.73
90174;2.48
90175A;8.95
90175B;9.15
90175C;8.95
90175D;8.95
90176A;7.48
90176B;7.64
90176C;8.32
90177A;2.9
90177B;2.9
90177C;2.9
90177D;2.95
90177E;2.96
90178A;11.65
90178B;11.95
90179A;5.95
90179C;5.95
90180A;9.95
90180B;9.95
90181A;9.34
90181B;9.15
90182C;2.96
90183A;2.9
90183B;2.9
90183C;2.9
90184A;8.95
90184B;8.95
90184C;8.95
90185A;4.15
90185B;4.15
90185C;4.15
90185D;4.24
90186A;2.9
90186B;2.95
90187A;3.32
90187B;3.32
90188;2.54
90190A;2.9
90190B;2.96
90190C;2.9
90191;12.48
90192;4.95
90194;4.15
90195A;8.95
90195B;8.95
90196A;12.75
90196B;12.75
90197B;4.95
90198A;4.15
90198B;4.15
90199A;6.35
90199B;6.37
90199C;6.35
90199D;6.23
90200A;4.15
90200B;4.15
90200C;0.0
90200D;4.15
90200E;4.15
90201A;2.9
90201B;2.9
90201C;2.9
90201D;2.9
90202A;2.9
90202B;2.9
90202C;2.9
90202D;2.9
90204;3.35
90205A;1.69
90205C;1.65
90206A;4.98
90206C;4.98
90208;2.48
90209B;1.75
90209C;1.75
90210A;1.25
90210B;1.25
90210C;1.25
90210D;1.25
90211A;5.94
90211B;5.82
90212B;3.73
90212C;3.75
90214A;0.83
90214B;0.83
90214C;0.83
90214D;0.83
90214E;0.83
90214F;0.83
90214G;0.83
90214H;0.83
90214I;0.83
90214J;0.83
90214K;0.83
90214L;0.83
90214M;0.83
90214N;0.83
90214O;0.85
90214P;0.83
90214R;0.83
90214S;0.83
90214T;0.83
90214V;0.83
90214W;0.83
90214Y;0.85
90214Z;0.85
AMAZONFEE;1.0
BANK CHARGES;15.0
C2;15.0
D;5.76
DCGS0003;2.46
DCGS0055;0.0
DCGS0057;0.0
DCGS0069;15.79
DCGS0070;12.72
DCGS0072;0.0
DCGS0074;0.0
DCGS0076;16.13
DCGSSBOY;3.29
DCGSSGIRL;3.29
DOT;2.51
M;0.19
POST;0.0
S;2.8
gift_0001_20;16.67
gift_0001_30;25.0
gift_0001_40;34.04
gift_0001_50;42.55
m;2.55
